OrderID,ProductID,CategoryID,PlantID,Quantity,StartDate,Expected_EndDate,Real_EndDate,Status,,,,,,,,,)
O0001,P039,C003,PL03,13,11/1/2024 0:00,11/6/2024 0:00,11/6/2024 0:00,Done,,,,,,,,,
O0002,P013,C002,PL02,7,12/1/2024 0:00,12/5/2024 0:00,12/5/2024 0:00,Done,,,,,,,,,
O0003,P017,C005,PL05,20,11/3/2024 0:00,11/8/2024 0:00,11/10/2024 0:00,Done,,,,,,,,,
O0004,P020,C001,PL01,18,11/4/2024 0:00,11/9/2024 0:00,11/9/2024 0:00,Done,,,,,,,,,
O0005,P002,C002,PL02,18,11/5/2024 0:00,11/10/2024 0:00,11/10/2024 0:00,Done,,,,,,,,,
O0006,P018,C005,PL05,18,11/5/2024 0:00,11/10/2024 0:00,11/10/2024 0:00,Done,,,,,,,,,
O0007,P029,C004,PL04,6,11/7/2024 0:00,11/11/2024 0:00,NULL,Cancelled,,,,,,,,,
O0008,P004,C002,PL02,18,11/8/2024 0:00,11/13/2024 0:00,11/13/2024 0:00,Done,,,,,,,,,
O0009,P015,C002,PL02,17,11/9/2024 0:00,11/14/2024 0:00,11/14/2024 0:00,Done,,,,,,,,,
O0010,P025,C004,PL04,19,11/9/2024 0:00,11/14/2024 0:00,NULL,Cancelled,,,,,,,,,
O0011,P040,C004,PL04,9,11/11/2024 0:00,11/15/2024 0:00,11/15/2024 0:00,Done,,,,,,,,,
O0012,P036,C002,PL02,14,11/12/2024 0:00,11/17/2024 0:00,11/17/2024 0:00,Done,,,,,,,,,
O0013,P010,C003,PL03,2,11/12/2024 0:00,11/14/2024 0:00,11/14/2024 0:00,Done,,,,,,,,,
O0014,P017,C005,PL05,11,11/12/2024 0:00,11/17/2024 0:00,11/17/2024 0:00,Done,,,,,,,,,
O0015,P030,C004,PL04,11,11/15/2024 0:00,11/20/2024 0:00,11/20/2024 0:00,Done,,,,,,,,,
O0016,P027,C005,PL05,10,11/16/2024 0:00,11/20/2024 0:00,11/20/2024 0:00,Done,,,,,,,,,
O0017,P026,C001,PL01,2,11/17/2024 0:00,11/19/2024 0:00,11/19/2024 0:00,Done,,,,,,,,,
O0018,P013,C002,PL02,20,11/18/2024 0:00,11/23/2024 0:00,NULL,Cancelled,,,,,,,,,
O0019,P011,C003,PL03,13,11/19/2024 0:00,11/24/2024 0:00,11/24/2024 0:00,Done,,,,,,,,,
O0020,P016,C002,PL02,17,11/20/2024 0:00,11/25/2024 0:00,11/25/2024 0:00,Done,,,,,,,,,
O0021,P012,C003,PL03,20,11/21/2024 0:00,11/26/2024 0:00,11/26/2024 0:00,Done,,,,,,,,,
O0022,P024,C005,PL05,5,11/22/2024 0:00,11/24/2024 0:00,11/24/2024 0:00,Done,,,,,,,,,
O0023,P014,C001,PL01,9,11/23/2024 0:00,11/27/2024 0:00,11/27/2024 0:00,Done,,,,,,,,,
O0024,P032,C003,PL03,1,11/24/2024 0:00,11/26/2024 0:00,11/26/2024 0:00,Done,,,,,,,,,
O0025,P013,C002,PL02,15,11/25/2024 0:00,11/30/2024 0:00,11/30/2024 0:00,Done,,,,,,,,,
O0026,P013,C002,PL02,20,11/26/2024 0:00,12/1/2024 0:00,12/1/2024 0:00,Done,,,,,,,,,
O0027,P004,C002,PL02,3,11/27/2024 0:00,11/29/2024 0:00,11/29/2024 0:00,Done,,,,,,,,,
O0028,P013,C002,PL02,13,11/28/2024 0:00,12/3/2024 0:00,12/3/2024 0:00,Done,,,,,,,,,
O0029,P016,C002,PL02,12,11/29/2024 0:00,12/4/2024 0:00,12/4/2024 0:00,Done,,,,,,,,,
O0030,P018,C005,PL05,14,11/29/2024 0:00,12/4/2024 0:00,12/4/2024 0:00,Done,,,,,,,,,
O0031,P019,C002,PL02,4,12/1/2024 0:00,12/3/2024 0:00,12/3/2024 0:00,Done,,,,,,,,,
O0032,P031,C001,PL01,6,12/2/2024 0:00,12/6/2024 0:00,NULL,Cancelled,,,,,,,,,
O0033,P025,C004,PL04,3,12/3/2024 0:00,12/5/2024 0:00,12/5/2024 0:00,Done,,,,,,,,,
O0034,P009,C004,PL04,9,12/3/2024 0:00,12/7/2024 0:00,12/7/2024 0:00,Done,,,,,,,,,
O0035,P012,C003,PL03,2,12/5/2024 0:00,12/7/2024 0:00,12/7/2024 0:00,Done,,,,,,,,,
O0036,P007,C003,PL03,16,12/6/2024 0:00,12/11/2024 0:00,12/11/2024 0:00,Done,,,,,,,,,
O0037,P001,C004,PL04,16,12/7/2024 0:00,12/12/2024 0:00,NULL,Cancelled,,,,,,,,,
O0038,P014,C001,PL01,8,12/8/2024 0:00,12/12/2024 0:00,12/12/2024 0:00,Done,,,,,,,,,
O0039,P027,C005,PL05,9,12/9/2024 0:00,12/13/2024 0:00,12/13/2024 0:00,Done,,,,,,,,,
O0040,P002,C002,PL02,16,12/9/2024 0:00,12/14/2024 0:00,12/14/2024 0:00,Done,,,,,,,,,
O0041,P026,C001,PL01,14,12/9/2024 0:00,12/14/2024 0:00,12/14/2024 0:00,Done,,,,,,,,,
O0042,P026,C001,PL01,18,12/12/2024 0:00,12/17/2024 0:00,12/17/2024 0:00,Done,,,,,,,,,
O0043,P004,C002,PL02,1,12/13/2024 0:00,12/15/2024 0:00,12/15/2024 0:00,Done,,,,,,,,,
O0044,P025,C004,PL04,2,12/14/2024 0:00,12/16/2024 0:00,NULL,Cancelled,,,,,,,,,
O0045,P035,C004,PL04,16,12/15/2024 0:00,12/20/2024 0:00,12/20/2024 0:00,Done,,,,,,,,,
O0046,P020,C001,PL01,20,12/16/2024 0:00,12/21/2024 0:00,12/21/2024 0:00,Done,,,,,,,,,
O0047,P035,C004,PL04,15,12/17/2024 0:00,12/22/2024 0:00,12/22/2024 0:00,Done,,,,,,,,,
O0048,P036,C002,PL02,13,12/18/2024 0:00,12/23/2024 0:00,12/23/2024 0:00,Done,,,,,,,,,
O0049,P002,C002,PL02,7,12/19/2024 0:00,12/23/2024 0:00,12/23/2024 0:00,Done,,,,,,,,,
O0050,P027,C005,PL05,6,12/20/2024 0:00,12/24/2024 0:00,12/24/2024 0:00,Done,,,,,,,,,
O0051,P035,C004,PL04,15,12/21/2024 0:00,12/26/2024 0:00,12/26/2024 0:00,Done,,,,,,,,,
O0052,P002,C002,PL02,8,12/22/2024 0:00,12/26/2024 0:00,12/26/2024 0:00,Done,,,,,,,,,
O0053,P022,C001,PL01,13,12/23/2024 0:00,12/28/2024 0:00,12/28/2024 0:00,Done,,,,,,,,,
O0054,P035,C004,PL04,14,12/24/2024 0:00,12/29/2024 0:00,12/29/2024 0:00,Done,,,,,,,,,
O0055,P011,C003,PL03,14,12/25/2024 0:00,12/30/2024 0:00,12/30/2024 0:00,Done,,,,,,,,,
O0056,P007,C003,PL03,19,12/26/2024 0:00,12/31/2024 0:00,12/31/2024 0:00,Done,,,,,,,,,
O0057,P027,C005,PL05,13,12/27/2024 0:00,1/1/2025 0:00,1/1/2025 0:00,Done,,,,,,,,,
O0058,P015,C002,PL02,14,12/28/2024 0:00,1/2/2025 0:00,1/2/2025 0:00,Done,,,,,,,,,
O0059,P029,C004,PL04,5,12/29/2024 0:00,12/31/2024 0:00,12/31/2024 0:00,Done,,,,,,,,,
O0060,P003,C004,PL04,4,12/30/2024 0:00,1/1/2025 0:00,1/1/2025 0:00,Done,,,,,,,,,
O0061,P017,C005,PL05,2,12/31/2024 0:00,1/2/2025 0:00,1/2/2025 0:00,Done,,,,,,,,,
O0062,P024,C005,PL05,20,1/1/2025 0:00,1/6/2025 0:00,1/6/2025 0:00,Done,,,,,,,,,
O0063,P006,C004,PL04,16,1/2/2025 0:00,1/7/2025 0:00,1/7/2025 0:00,Done,,,,,,,,,
O0064,P001,C004,PL04,12,1/3/2025 0:00,1/8/2025 0:00,1/8/2025 0:00,Done,,,,,,,,,
O0065,P035,C004,PL04,16,1/4/2025 0:00,1/9/2025 0:00,1/9/2025 0:00,Done,,,,,,,,,
O0066,P012,C003,PL03,10,1/5/2025 0:00,1/9/2025 0:00,NULL,Cancelled,,,,,,,,,
O0067,P007,C003,PL03,15,1/6/2025 0:00,1/11/2025 0:00,1/11/2025 0:00,Done,,,,,,,,,
O0068,P008,C004,PL04,16,1/7/2025 0:00,1/12/2025 0:00,1/12/2025 0:00,Done,,,,,,,,,
O0069,P003,C004,PL04,19,1/8/2025 0:00,1/13/2025 0:00,1/13/2025 0:00,Done,,,,,,,,,
O0070,P005,C003,PL03,7,1/9/2025 0:00,1/13/2025 0:00,1/13/2025 0:00,Done,,,,,,,,,
O0071,P004,C002,PL02,1,1/10/2025 0:00,1/12/2025 0:00,1/12/2025 0:00,Done,,,,,,,,,
O0072,P031,C001,PL01,18,1/11/2025 0:00,1/16/2025 0:00,1/16/2025 0:00,Done,,,,,,,,,
O0073,P036,C002,PL02,6,1/12/2025 0:00,1/16/2025 0:00,1/16/2025 0:00,Done,,,,,,,,,
O0074,P014,C001,PL01,3,1/13/2025 0:00,1/15/2025 0:00,1/15/2025 0:00,Done,,,,,,,,,
O0075,P012,C003,PL03,6,1/14/2025 0:00,1/18/2025 0:00,1/18/2025 0:00,Done,,,,,,,,,
O0076,P018,C005,PL05,6,1/15/2025 0:00,1/19/2025 0:00,1/19/2025 0:00,Done,,,,,,,,,
O0077,P022,C001,PL01,19,1/16/2025 0:00,1/21/2025 0:00,1/21/2025 0:00,Done,,,,,,,,,
O0078,P032,C003,PL03,7,1/17/2025 0:00,1/21/2025 0:00,1/21/2025 0:00,Done,,,,,,,,,
O0079,P008,C004,PL04,6,1/18/2025 0:00,1/22/2025 0:00,1/22/2025 0:00,Done,,,,,,,,,
O0080,P034,C002,PL02,5,1/19/2025 0:00,1/21/2025 0:00,NULL,Cancelled,,,,,,,,,
O0081,P025,C004,PL04,11,1/20/2025 0:00,1/25/2025 0:00,1/25/2025 0:00,Done,,,,,,,,,
O0082,P036,C002,PL02,14,1/21/2025 0:00,1/26/2025 0:00,1/26/2025 0:00,Done,,,,,,,,,
O0083,P004,C002,PL02,19,1/22/2025 0:00,1/27/2025 0:00,1/27/2025 0:00,Done,,,,,,,,,
O0084,P033,C005,PL05,16,1/23/2025 0:00,1/28/2025 0:00,1/28/2025 0:00,Done,,,,,,,,,
O0085,P003,C004,PL04,12,1/24/2025 0:00,1/29/2025 0:00,1/29/2025 0:00,Done,,,,,,,,,
O0086,P032,C003,PL03,19,1/25/2025 0:00,1/30/2025 0:00,1/30/2025 0:00,Done,,,,,,,,,
O0087,P038,C002,PL02,6,1/26/2025 0:00,1/30/2025 0:00,1/30/2025 0:00,Done,,,,,,,,,
O0088,P003,C004,PL04,5,1/27/2025 0:00,1/29/2025 0:00,1/29/2025 0:00,Done,,,,,,,,,
O0089,P020,C001,PL01,13,1/28/2025 0:00,2/2/2025 0:00,2/2/2025 0:00,Done,,,,,,,,,
O0090,P017,C005,PL05,18,1/29/2025 0:00,2/3/2025 0:00,2/3/2025 0:00,Done,,,,,,,,,
O0091,P031,C001,PL01,9,1/30/2025 0:00,2/3/2025 0:00,2/3/2025 0:00,Done,,,,,,,,,
O0092,P037,C004,PL04,7,1/31/2025 0:00,2/4/2025 0:00,2/4/2025 0:00,Done,,,,,,,,,
O0093,P022,C001,PL01,14,2/1/2025 0:00,2/6/2025 0:00,2/6/2025 0:00,Done,,,,,,,,,
O0094,P035,C004,PL04,14,2/2/2025 0:00,2/7/2025 0:00,2/7/2025 0:00,Done,,,,,,,,,
O0095,P001,C004,PL04,2,2/3/2025 0:00,2/5/2025 0:00,2/5/2025 0:00,Done,,,,,,,,,
O0096,P025,C004,PL04,9,2/4/2025 0:00,2/8/2025 0:00,2/8/2025 0:00,Done,,,,,,,,,
O0097,P029,C004,PL04,10,2/5/2025 0:00,2/9/2025 0:00,2/9/2025 0:00,Done,,,,,,,,,
O0098,P023,C004,PL04,10,2/6/2025 0:00,2/10/2025 0:00,2/10/2025 0:00,Done,,,,,,,,,
O0099,P011,C003,PL03,8,2/7/2025 0:00,2/11/2025 0:00,2/11/2025 0:00,Done,,,,,,,,,
O0100,P009,C004,PL04,3,2/8/2025 0:00,2/10/2025 0:00,2/10/2025 0:00,Done,,,,,,,,,
O0101,P035,C004,PL04,5,2/9/2025 0:00,2/11/2025 0:00,2/11/2025 0:00,Done,,,,,,,,,
O0102,P001,C004,PL04,4,2/10/2025 0:00,2/12/2025 0:00,2/12/2025 0:00,Done,,,,,,,,,
O0103,P025,C004,PL04,2,2/11/2025 0:00,2/13/2025 0:00,2/13/2025 0:00,Done,,,,,,,,,
O0104,P029,C004,PL04,20,2/12/2025 0:00,2/17/2025 0:00,2/17/2025 0:00,Done,,,,,,,,,
O0105,P023,C004,PL04,16,2/13/2025 0:00,2/18/2025 0:00,2/18/2025 0:00,Done,,,,,,,,,
O0106,P011,C003,PL03,12,2/14/2025 0:00,2/19/2025 0:00,NULL,Cancelled,,,,,,,,,
O0107,P009,C004,PL04,16,2/15/2025 0:00,2/20/2025 0:00,2/20/2025 0:00,Done,,,,,,,,,
O0108,P031,C001,PL01,10,2/16/2025 0:00,2/20/2025 0:00,2/20/2025 0:00,Done,,,,,,,,,
O0109,P037,C004,PL04,15,2/17/2025 0:00,2/22/2025 0:00,2/22/2025 0:00,Done,,,,,,,,,
O0110,P022,C001,PL01,16,2/18/2025 0:00,2/23/2025 0:00,2/23/2025 0:00,Done,,,,,,,,,
O0111,P035,C004,PL04,19,2/19/2025 0:00,2/24/2025 0:00,2/24/2025 0:00,Done,,,,,,,,,
O0112,P001,C004,PL04,7,2/20/2025 0:00,2/24/2025 0:00,NULL,Cancelled,,,,,,,,,
O0113,P025,C004,PL04,1,2/21/2025 0:00,2/23/2025 0:00,2/23/2025 0:00,Done,,,,,,,,,
O0114,P029,C004,PL04,18,2/22/2025 0:00,2/27/2025 0:00,2/27/2025 0:00,Done,,,,,,,,,
O0115,P023,C004,PL04,6,2/23/2025 0:00,2/27/2025 0:00,2/27/2025 0:00,Done,,,,,,,,,
O0116,P011,C003,PL03,5,2/23/2025 0:00,2/25/2025 0:00,2/25/2025 0:00,Done,,,,,,,,,
O0117,P009,C004,PL04,4,2/25/2025 0:00,2/27/2025 0:00,2/27/2025 0:00,Done,,,,,,,,,
O0118,P031,C001,PL01,2,2/26/2025 0:00,2/28/2025 0:00,2/28/2025 0:00,Done,,,,,,,,,
O0119,P037,C004,PL04,20,2/27/2025 0:00,3/4/2025 0:00,3/4/2025 0:00,Done,,,,,,,,,
O0120,P022,C001,PL01,16,2/28/2025 0:00,3/5/2025 0:00,3/5/2025 0:00,Done,,,,,,,,,
O0121,P035,C004,PL04,12,3/1/2025 0:00,3/6/2025 0:00,3/6/2025 0:00,Done,,,,,,,,,
O0122,P001,C004,PL04,16,3/2/2025 0:00,3/7/2025 0:00,NULL,Cancelled,,,,,,,,,
O0123,P025,C004,PL04,10,3/3/2025 0:00,3/7/2025 0:00,3/7/2025 0:00,Done,,,,,,,,,
O0124,P029,C004,PL04,15,3/4/2025 0:00,3/9/2025 0:00,3/9/2025 0:00,Done,,,,,,,,,
O0125,P023,C004,PL04,16,3/5/2025 0:00,3/10/2025 0:00,3/10/2025 0:00,Done,,,,,,,,,
O0126,P011,C003,PL03,19,3/6/2025 0:00,3/11/2025 0:00,3/11/2025 0:00,Done,,,,,,,,,
O0127,P009,C004,PL04,7,3/7/2025 0:00,3/11/2025 0:00,3/11/2025 0:00,Done,,,,,,,,,
O0128,P031,C001,PL01,1,3/8/2025 0:00,3/10/2025 0:00,3/10/2025 0:00,Done,,,,,,,,,
O0129,P037,C004,PL04,18,3/9/2025 0:00,3/14/2025 0:00,3/14/2025 0:00,Done,,,,,,,,,
O0130,P022,C001,PL01,6,3/10/2025 0:00,3/14/2025 0:00,3/14/2025 0:00,Done,,,,,,,,,
O0131,P035,C004,PL04,5,3/11/2025 0:00,3/13/2025 0:00,3/13/2025 0:00,Done,,,,,,,,,
O0132,P001,C004,PL04,4,3/12/2025 0:00,3/14/2025 0:00,3/14/2025 0:00,Done,,,,,,,,,
O0133,P025,C004,PL04,2,3/13/2025 0:00,3/15/2025 0:00,3/15/2025 0:00,Done,,,,,,,,,
O0134,P029,C004,PL04,20,3/14/2025 0:00,3/19/2025 0:00,3/19/2025 0:00,Done,,,,,,,,,
O0135,P023,C004,PL04,16,3/15/2025 0:00,3/20/2025 0:00,3/20/2025 0:00,Done,,,,,,,,,
O0136,P011,C003,PL03,12,3/16/2025 0:00,3/21/2025 0:00,3/21/2025 0:00,Done,,,,,,,,,
O0137,P009,C004,PL04,16,3/17/2025 0:00,3/22/2025 0:00,NULL,Cancelled,,,,,,,,,
O0138,P031,C001,PL01,10,3/18/2025 0:00,3/22/2025 0:00,3/22/2025 0:00,Done,,,,,,,,,
O0139,P037,C004,PL04,15,3/19/2025 0:00,3/24/2025 0:00,3/24/2025 0:00,Done,,,,,,,,,
O0140,P022,C001,PL01,16,3/20/2025 0:00,3/25/2025 0:00,3/25/2025 0:00,Done,,,,,,,,,
O0141,P035,C004,PL04,19,3/21/2025 0:00,3/26/2025 0:00,3/26/2025 0:00,Done,,,,,,,,,
O0142,P001,C004,PL04,7,3/22/2025 0:00,3/26/2025 0:00,3/26/2025 0:00,Done,,,,,,,,,
O0143,P025,C004,PL04,1,3/23/2025 0:00,3/25/2025 0:00,3/25/2025 0:00,Done,,,,,,,,,
O0144,P029,C004,PL04,18,3/24/2025 0:00,3/29/2025 0:00,3/29/2025 0:00,Done,,,,,,,,,
O0145,P023,C004,PL04,6,3/25/2025 0:00,3/29/2025 0:00,3/29/2025 0:00,Done,,,,,,,,,
O0146,P011,C003,PL03,5,3/26/2025 0:00,3/28/2025 0:00,NULL,Cancelled,,,,,,,,,
O0147,P009,C004,PL04,4,3/27/2025 0:00,3/29/2025 0:00,3/29/2025 0:00,Done,,,,,,,,,
O0148,P031,C001,PL01,2,3/28/2025 0:00,3/30/2025 0:00,3/30/2025 0:00,Done,,,,,,,,,
O0149,P037,C004,PL04,20,3/29/2025 0:00,4/3/2025 0:00,4/3/2025 0:00,Done,,,,,,,,,
O0150,P022,C001,PL01,16,3/30/2025 0:00,4/4/2025 0:00,4/4/2025 0:00,Done,,,,,,,,,
O0151,P035,C004,PL04,12,3/31/2025 0:00,4/5/2025 0:00,4/5/2025 0:00,Done,,,,,,,,,
O0152,P001,C004,PL04,16,4/1/2025 0:00,4/6/2025 0:00,4/6/2025 0:00,Done,,,,,,,,,
O0153,P025,C004,PL04,10,4/2/2025 0:00,4/6/2025 0:00,4/6/2025 0:00,Done,,,,,,,,,
O0154,P029,C004,PL04,15,4/3/2025 0:00,4/8/2025 0:00,4/8/2025 0:00,Done,,,,,,,,,
O0155,P023,C004,PL04,16,4/4/2025 0:00,4/9/2025 0:00,4/9/2025 0:00,Done,,,,,,,,,
O0156,P011,C003,PL03,19,4/5/2025 0:00,4/10/2025 0:00,4/10/2025 0:00,Done,,,,,,,,,
O0157,P009,C004,PL04,7,4/6/2025 0:00,4/10/2025 0:00,4/10/2025 0:00,Done,,,,,,,,,
O0158,P031,C001,PL01,1,4/7/2025 0:00,4/9/2025 0:00,4/9/2025 0:00,Done,,,,,,,,,
O0159,P037,C004,PL04,18,4/8/2025 0:00,4/13/2025 0:00,NULL,Cancelled,,,,,,,,,
O0160,P022,C001,PL01,6,4/9/2025 0:00,4/13/2025 0:00,4/13/2025 0:00,Done,,,,,,,,,
O0161,P035,C004,PL04,5,4/10/2025 0:00,4/12/2025 0:00,4/12/2025 0:00,Done,,,,,,,,,
O0162,P001,C004,PL04,4,4/11/2025 0:00,4/13/2025 0:00,4/13/2025 0:00,Done,,,,,,,,,
O0163,P025,C004,PL04,2,4/12/2025 0:00,4/14/2025 0:00,4/14/2025 0:00,Done,,,,,,,,,
O0164,P029,C004,PL04,20,4/13/2025 0:00,4/18/2025 0:00,4/18/2025 0:00,Done,,,,,,,,,
O0165,P023,C004,PL04,16,4/14/2025 0:00,4/19/2025 0:00,4/19/2025 0:00,Done,,,,,,,,,
O0166,P011,C003,PL03,12,4/15/2025 0:00,4/20/2025 0:00,4/20/2025 0:00,Done,,,,,,,,,
O0167,P009,C004,PL04,16,4/16/2025 0:00,4/21/2025 0:00,4/21/2025 0:00,Done,,,,,,,,,
O0168,P031,C001,PL01,10,4/17/2025 0:00,4/21/2025 0:00,4/21/2025 0:00,Done,,,,,,,,,
O0169,P037,C004,PL04,15,4/18/2025 0:00,4/23/2025 0:00,4/23/2025 0:00,Done,,,,,,,,,
O0170,P022,C001,PL01,16,4/19/2025 0:00,4/24/2025 0:00,4/24/2025 0:00,Done,,,,,,,,,
O0171,P035,C004,PL04,19,4/19/2025 0:00,4/24/2025 0:00,4/24/2025 0:00,Done,,,,,,,,,
O0172,P001,C004,PL04,7,4/21/2025 0:00,4/25/2025 0:00,NULL,Cancelled,,,,,,,,,
O0173,P025,C004,PL04,1,4/22/2025 0:00,4/24/2025 0:00,4/24/2025 0:00,Done,,,,,,,,,
O0174,P029,C004,PL04,18,4/23/2025 0:00,4/28/2025 0:00,4/28/2025 0:00,Done,,,,,,,,,
O0175,P023,C004,PL04,6,4/24/2025 0:00,4/28/2025 0:00,4/28/2025 0:00,Done,,,,,,,,,
O0176,P011,C003,PL03,5,4/25/2025 0:00,4/27/2025 0:00,4/27/2025 0:00,Done,,,,,,,,,
O0177,P009,C004,PL04,4,4/26/2025 0:00,4/28/2025 0:00,NULL,Cancelled,,,,,,,,,
O0178,P031,C001,PL01,2,4/27/2025 0:00,4/29/2025 0:00,4/29/2025 0:00,Done,,,,,,,,,
O0179,P037,C004,PL04,20,4/28/2025 0:00,5/3/2025 0:00,5/3/2025 0:00,Done,,,,,,,,,
O0180,P022,C001,PL01,15,4/29/2025 0:00,5/4/2025 0:00,5/4/2025 0:00,Done,,,,,,,,,
O0181,P035,C004,PL04,20,4/30/2025 0:00,5/5/2025 0:00,5/5/2025 0:00,Done,,,,,,,,,
O0182,P001,C004,PL04,3,5/1/2025 0:00,5/3/2025 0:00,5/3/2025 0:00,Done,,,,,,,,,
O0183,P025,C004,PL04,13,5/2/2025 0:00,5/7/2025 0:00,5/7/2025 0:00,Done,,,,,,,,,
O0184,P029,C004,PL04,12,5/3/2025 0:00,5/8/2025 0:00,5/8/2025 0:00,Done,,,,,,,,,
O0185,P023,C004,PL04,14,5/4/2025 0:00,5/9/2025 0:00,5/9/2025 0:00,Done,,,,,,,,,
O0186,P011,C003,PL03,4,5/5/2025 0:00,5/7/2025 0:00,NULL,Cancelled,,,,,,,,,
O0187,P009,C004,PL04,6,5/6/2025 0:00,5/10/2025 0:00,5/10/2025 0:00,Done,,,,,,,,,
O0188,P031,C001,PL01,3,5/7/2025 0:00,5/9/2025 0:00,5/9/2025 0:00,Done,,,,,,,,,
O0189,P037,C004,PL04,9,5/8/2025 0:00,5/12/2025 0:00,5/12/2025 0:00,Done,,,,,,,,,
O0190,P022,C001,PL01,2,5/9/2025 0:00,5/11/2025 0:00,5/11/2025 0:00,Done,,,,,,,,,
O0191,P035,C004,PL04,16,5/10/2025 0:00,5/15/2025 0:00,5/15/2025 0:00,Done,,,,,,,,,
O0192,P001,C004,PL04,16,5/11/2025 0:00,5/16/2025 0:00,5/16/2025 0:00,Done,,,,,,,,,
O0193,P025,C004,PL04,8,5/12/2025 0:00,5/16/2025 0:00,5/16/2025 0:00,Done,,,,,,,,,
O0194,P029,C004,PL04,9,5/13/2025 0:00,5/17/2025 0:00,5/17/2025 0:00,Done,,,,,,,,,
O0195,P023,C004,PL04,16,5/14/2025 0:00,5/21/2025 0:00,NULL,In Progress,,,,,,,,,
O0196,P011,C003,PL03,14,5/15/2025 0:00,5/20/2025 0:00,NULL,In Progress,,,,,,,,,
O0197,P009,C004,PL04,18,5/16/2025 0:00,5/21/2025 0:00,NULL,In Progress,,,,,,,,,
O0198,P031,C001,PL01,1,5/17/2025 0:00,5/21/2025 0:00,NULL,In Progress,,,,,,,,,
O0199,P037,C004,PL04,2,5/18/2025 0:00,5/20/2025 0:00,NULL,Confirmed,,,,,,,,,
O0200,P022,C001,PL01,3,5/18/2025 0:00,5/25/2025 0:00,NULL,Confirmed,,,,,,,,,
